VendorName,AvgStockTurnOver
AAPER ALCOHOL & CHEMICAL CO,0.0
ADAMBA IMPORTS INTL INC,0.41935139748239814
ALISA CARR BEVERAGES,0.6297262059973925
ALTAMAR BRANDS LLC,0.959375
AMERICAN SPIRITS EXCHANGE,0.7013888888888888
AMERICAN VINTAGE BEVERAGE,0.9213213270712731
APPOLO VINEYARDS LLC,0.4727272727272727
ATLANTIC IMPORTING COMPANY,0.8930782217220034
BACARDI USA INC,0.8922573400903799
BANFI PRODUCTS CORP,0.8538324922446817
BLACK COVE BEVERAGES,0.3405875952121872
BLACK PRINCE DISTILLERY INC,0.7922602089268755
BRONCO WINE COMPANY,0.6126080878164967
BROWN-FORMAN CORP,0.8435856873225621
BULLY BOY DISTILLERS,0.7122816211590444
CALEDONIA SPIRITS INC,0.807541122575786
CAMPARI AMERICA,0.8818033593019974
CANDIA VINEYARDS,0.9610848618818418
CASTLE BRANDS CORP.,0.9042274795789438
CENTEUR IMPORTS LLC,0.7370410014012981
CHARLES JACQUIN ET CIE INC,0.9177347986843808
CONSTELLATION BRANDS INC,0.7937811391004517
CRUSH WINES,0.5549517525720573
Circa Wines,0.48438365354017393
DELICATO VINEYARDS INC,0.8394786488740072
DIAGEO CHATEAU ESTATE WINES,0.6987869509942556
DIAGEO NORTH AMERICA INC,0.884756863460193
DISARONNO INTERNATIONAL LLC,0.9755772939854562
DJINN SPIRITS LLC,0.8034622229943948
DUGGANS DISTILLED PRODUCTS,0.83128774367324
Dunn Wine Brokers,0.4847733745867864
E & J GALLO WINERY,0.8245253865509137
EDRINGTON AMERICAS,0.8492379125957141
FABRIZIA SPIRITS LLC,0.7853496062240305
FLAG HILL WINERY & VINEYARD,0.9248935230393748
FORTUNE WINE BROKERS LLC,0.5386023860651574
FREDERICK WILDMAN & SONS,0.5940149625517426
FULCHINO VINEYARD INC,0.8799569696645062
GILMANTON WINERY & VINEYARD,0.4658189033189033
HAUNTING WHISPER VYDS,0.9134194297971221
HEAVEN HILL DISTILLERIES,0.9103892576123263
HIGHLAND WINE MERCHANTS LLC,0.14891975308641978
"HOOD RIVER DISTILLERS, Inc.",0.9483333333333334
INCREDIBREW INC,0.930761520741743
"IRA GOLDMAN AND WILLIAMS, LLP",0.075
JEWELL TOWNE VINEYARDS,0.8723842562710026
JIM BEAM BRANDS COMPANY,0.8759458797193539
KLIN SPIRITS LLC,0.8799385138670852
KOBRAND CORPORATION,0.5414300453196905
LABELLE VYDS AND WINERY,0.8537972789861643
LAIRD & CO,0.667551398409569
LATITUDE BEVERAGE COMPANY,0.6234383108854064
LAUREATE IMPORTS CO,0.0
LOYAL DOG WINERY,0.30833333333333335
LUXCO INC,0.828841876912521
M S WALKER INC,0.6949868267594054
MAJESTIC FINE WINES,0.8978350509280266
MANGO BOTTLING INC,0.9380527996212003
MARSALLE COMPANY,0.8143440991794293
MARTIGNETTI COMPANIES,0.7004627201702758
MCCORMICK DISTILLING CO,0.9248476525799183
MHW LTD,0.8108546793755106
MILTONS DISTRIBUTING CO,0.23611111111111108
MOET HENNESSY USA INC,0.8204222539384728
MOONLIGHT MEADERY,0.8715664122120953
NICHE W & S,0.4875137350203159
OLE SMOKY DISTILLERY LLC,0.9437729635961466
PALM BAY INTERNATIONAL INC,0.8020159435683085
PARK STREET IMPORTS LLC,0.7140745270768123
PERFECTA WINES,0.6437790146188878
PERNOD RICARD USA,0.8728994310744429
PHILLIPS PRODUCTS CO.,0.627528643138044
PINE STATE TRADING CO,0.5766133226918008
POVERTY LANE ORCHARDS,0.9166666666666666
PREMIER DISTRIBUTORS,0.783019169426486
"PREMIUM PORT WINES, INC.",0.9760765393341175
PROXIMO SPIRITS INC.,0.8753595745132442
PSP WINES,0.6764423934537381
R.P.IMPORTS INC,0.34179894179894177
REMY COINTREAU USA INC,0.882808521951306
Russian Standard Vodka,0.39409350166124785
SAZERAC CO INC,0.896763049861766
SAZERAC NORTH AMERICA INC.,0.9380725886919699
SEA BREEZE CELLARS LLC,0.6874509239815066
SEA HAGG DISTILLERY LLC,0.8867710279760359
SHAW ROSS INT L IMP LTD,0.7765349767335182
SIDNEY FRANK IMPORTING CO,0.9628868693595531
SMOKY QUARTZ DISTILLERY LLC,0.7850624545234053
SOUTHERN GLAZERS W&S OF NE,0.471616095625242
SOUTHERN WINE & SPIRITS NE,0.6836031919695399
STARK BREWING COMPANY,0.698019801980198
STATE WINE & SPIRITS,0.6886750296094812
STE MICHELLE WINE ESTATES,0.8139250314879269
STELLAR IMPORTING CO LLC,0.6677797665884628
"STOLI GROUP,(USA) LLC",0.7044634209426577
SURVILLE ENTERPRISES CORP,0.6352787961230318
SWEET BABY VINEYARD,0.8766375488418024
SWEETWATER FARM,0.764372044278271
Serralles Usa LLC,0.4141371158392435
TAKARA SAKE USA INC,0.9841050722225129
TALL SHIP DISTILLERY LLC,0.6888774448496569
TAMWORTH DISTILLING,0.5925844988344988
THE IMPORTED GRAPE LLC,0.6423333760554616
THE PIERPONT GROUP LLC,0.5053364433135425
TREASURY WINE ESTATES,0.8126046893209229
TRINCHERO FAMILY ESTATES,0.7679991134997298
TRUETT HURST,0.041666666666666664
TY KU LLC,0.7223758802351896
ULTRA BEVERAGE COMPANY LLP,0.6874781372191924
UNCORKED,0.21723840852130327
VINEXTRA INC,0.6367579112594256
VINEYARD BRANDS INC,0.8783335855950183
VINEYARD BRANDS LLC,0.2562405781679525
VINILANDIA USA,0.6289114740980798
VRANKEN AMERICA,0.8204863117368687
WALPOLE MTN VIEW WINERY,0.820547968078008
WEIN BAUER INC,0.7867763455450023
WESTERN SPIRITS BEVERAGE CO,0.8309006871443219
WILLIAM GRANT & SONS INC,0.85066110136303
WINE GROUP INC,0.7717879199395807
ZORVINO VINEYARDS,0.9127376844170865
